,Age,Age,Age,Height (cm),Height (cm),Height (cm),Weight (kg),Weight (kg),Weight (kg),Pre-treatment NT-proBNP (pg/mL),Pre-treatment NT-proBNP (pg/mL),Pre-treatment NT-proBNP (pg/mL),Week 4 NT-proBNP (pg/mL),Week 4 NT-proBNP (pg/mL),Week 4 NT-proBNP (pg/mL),Week 8 NT-proBNP (pg/mL),Week 8 NT-proBNP (pg/mL),Week 8 NT-proBNP (pg/mL),Pre-treatment BNP (pg/mL),Pre-treatment BNP (pg/mL),Pre-treatment BNP (pg/mL),Left ventricular ejection fraction (%),Left ventricular ejection fraction (%),Left ventricular ejection fraction (%),BMI,BMI,BMI
,median,mean,std,median,mean,std,median,mean,std,median,mean,std,median,mean,std,median,mean,std,median,mean,std,median,mean,std,median,mean,std
Group,,,,,,,,,,,,,,,,,,,,,,,,,,,
Enalapril,47.0,47.00941176470588,17.64936007932772,182.0,182.3505882352941,17.76383080291727,80.0,80.50823529411765,23.894728891796,6026.334,6189.632287058824,698.2691251496022,4501.671,4623.655312941176,521.6070547410794,3362.748,3453.8704988235295,389.6404666971858,1510.392,1535.469934117647,173.85437866681127,30.573,30.870216470588236,3.850970380063225,24.752475247524753,24.95094077040565,9.030409321937517
Sacubitril-valsartan,50.0,49.35147392290249,17.391515796107317,182.0,182.51020408163265,17.753757866078573,82.0,80.66893424036282,22.796115318937606,5997.127,6183.288070294784,731.0207856116284,3196.469,3295.6925238095237,389.63409754193515,1703.718,1756.6041065759637,207.67495732679546,1498.942,1534.1331927437643,172.21543210374227,30.859,31.19340589569161,3.800739236213457,23.70584142853462,24.927875070267778,8.671764335688392
