,Statistic,P-value
0,43.02956785968352,2.7195022839663553e-96
