,Statistic,P-value
0,42.324767878015884,1.1021253087458409e-204
