,Statistic,P-value
0,23.061075193973867,1.5724552482149625e-64
